{
  "model": "Logistic Regression",
  "test_metrics": {
    "auroc": 0.7041729680219381,
    "auprc": 0.4564334564676906,
    "f1_score": 0.40253565768621236,
    "recall": 0.3377659574468085,
    "precision": 0.4980392156862745,
    "accuracy": 0.7914246196403872
  },
  "confusion_matrix": {
    "tn": 2607,
    "fp": 256,
    "fn": 498,
    "tp": 254
  },
  "threshold": 0.5,
  "probability_stats": {
    "min": 0.006232370799909212,
    "max": 0.9963304440970123,
    "mean": 0.4487133905840183,
    "median": 0.48474871518886953,
    "std": 0.19300944271490766
  }
}